{
    "mean_cost_values": {
        "mean_cost_0": 0.19372550156792676,
        "mean_cost_1": 0.215038332633747,
        "mean_cost_2": 0.2225266025564613
    },
    "mean_cuts_values": {
        "mean_cuts_0": 24.986,
        "mean_cuts_1": 23.913,
        "mean_cuts_2": 23.615
    }
}