{
    "mean_cost_values": {
        "mean_cost_0": 0.1060555732303608,
        "mean_cost_1": 0.13444781177925774,
        "mean_cost_2": 0.12298499421264744
    },
    "mean_cuts_values": {
        "mean_cuts_0": 22.67,
        "mean_cuts_1": 20.638,
        "mean_cuts_2": 21.05
    }
}