{
    "mean_cost_values": {
        "mean_cost_0": 0.2348659796998615,
        "mean_cost_1": 0.22418455819690764,
        "mean_cost_2": 0.2207486891056894
    },
    "mean_cuts_values": {
        "mean_cuts_0": 65.207,
        "mean_cuts_1": 65.84,
        "mean_cuts_2": 66.41
    }
}