{
    "mean_cost_values": {
        "mean_cost_0": 0.07510825361485718,
        "mean_cost_1": 0.08085194277977364,
        "mean_cost_2": 0.08515205933230865
    },
    "mean_cuts_values": {
        "mean_cuts_0": 34.77,
        "mean_cuts_1": 33.592,
        "mean_cuts_2": 32.373
    }
}