{
    "mean_cost_values": {
        "mean_cost_0": 0.24514606412624496,
        "mean_cost_1": 0.26750543904130053,
        "mean_cost_2": 0.2653556421544983
    },
    "mean_cuts_values": {
        "mean_cuts_0": 91.185,
        "mean_cuts_1": 87.249,
        "mean_cuts_2": 87.084
    }
}