{
    "mean_cost_values": {
        "mean_cost_0": 0.2844073778756791,
        "mean_cost_1": 0.2701822828328891,
        "mean_cost_2": 0.2657289814247626
    },
    "mean_cuts_values": {
        "mean_cuts_0": 49.583,
        "mean_cuts_1": 51.113,
        "mean_cuts_2": 52.032
    }
}