{
    "mean_cost_values": {
        "mean_cost_0": 6.761664533841235,
        "mean_cost_1": 6.932342414428325,
        "mean_cost_2": 6.6496632787696885
    },
    "mean_cuts_values": {
        "mean_cuts_0": 12.537,
        "mean_cuts_1": 13.045,
        "mean_cuts_2": 13.322
    }
}