{
    "mean_cost_values": {
        "mean_cost_0": 0.2682625965085291,
        "mean_cost_1": 0.28113745112457045,
        "mean_cost_2": 0.28683845893792465
    },
    "mean_cuts_values": {
        "mean_cuts_0": 69.573,
        "mean_cuts_1": 66.297,
        "mean_cuts_2": 66.91
    }
}