{
    "mean_cost_values": {
        "mean_cost_0": 0.2631487862810231,
        "mean_cost_1": 0.24690362890933926,
        "mean_cost_2": 0.25139370325592075
    },
    "mean_cuts_values": {
        "mean_cuts_0": 31.145,
        "mean_cuts_1": 32.885,
        "mean_cuts_2": 33.707
    }
}