{
    "mean_cost_values": {
        "mean_cost_0": 0.07173489546629029,
        "mean_cost_1": 0.0791746428621561,
        "mean_cost_2": 0.07832525455282675
    },
    "mean_cuts_values": {
        "mean_cuts_0": 20.968,
        "mean_cuts_1": 20.65,
        "mean_cuts_2": 20.808
    }
}