{
    "mean_cost_values": {
        "mean_cost_0": 0.27362235491914294,
        "mean_cost_1": 0.2556268091718715,
        "mean_cost_2": 0.25940281539406407
    },
    "mean_cuts_values": {
        "mean_cuts_0": 59.165,
        "mean_cuts_1": 63.383,
        "mean_cuts_2": 62.565
    }
}