{
    "mean_cost_values": {
        "mean_cost_0": 0.23450903333930975,
        "mean_cost_1": 0.22545884812925562,
        "mean_cost_2": 0.22925196064925024
    },
    "mean_cuts_values": {
        "mean_cuts_0": 22.488,
        "mean_cuts_1": 23.653,
        "mean_cuts_2": 23.571
    }
}