{
    "mean_cost_values": {
        "mean_cost_0": 0.3172846418060866,
        "mean_cost_1": 0.33544098417555485,
        "mean_cost_2": 0.33210721108743346
    },
    "mean_cuts_values": {
        "mean_cuts_0": 99.529,
        "mean_cuts_1": 96.62,
        "mean_cuts_2": 98.59
    }
}