{
    "mean_cost_values": {
        "mean_cost_0": 0.11877562236404182,
        "mean_cost_1": 0.12796439021040001,
        "mean_cost_2": 0.1833685625597578
    },
    "mean_cuts_values": {
        "mean_cuts_0": 15.067,
        "mean_cuts_1": 14.759,
        "mean_cuts_2": 13.196
    }
}