{
    "mean_cost_values": {
        "mean_cost_0": 0.22726099618061027,
        "mean_cost_1": 0.25019086960435766,
        "mean_cost_2": 0.25047305333431263
    },
    "mean_cuts_values": {
        "mean_cuts_0": 65.573,
        "mean_cuts_1": 63.324,
        "mean_cuts_2": 62.587
    }
}