{
    "mean_cost_values": {
        "mean_cost_0": 0.6691696565737284,
        "mean_cost_1": 0.6706076403082277,
        "mean_cost_2": 0.6694442255500885
    },
    "mean_cuts_values": {
        "mean_cuts_0": 3.997914494264859,
        "mean_cuts_1": 3.997,
        "mean_cuts_2": 3.995
    }
}