{
    "mean_cost_values": {
        "mean_cost_0": 0.1834088185187991,
        "mean_cost_1": 0.1857950232301148,
        "mean_cost_2": 0.18206826767065284
    },
    "mean_cuts_values": {
        "mean_cuts_0": 25.883,
        "mean_cuts_1": 25.752,
        "mean_cuts_2": 26.204
    }
}