{
    "mean_cost_values": {
        "mean_cost_0": 0.24323457153058564,
        "mean_cost_1": 0.20036552233282942,
        "mean_cost_2": 0.18066801156472798
    },
    "mean_cuts_values": {
        "mean_cuts_0": 21.72,
        "mean_cuts_1": 25.2,
        "mean_cuts_2": 26.132
    }
}