{
    "mean_cost_values": {
        "mean_cost_0": 0.2401757601135492,
        "mean_cost_1": 0.3102663978829183,
        "mean_cost_2": 0.3163074713092901
    },
    "mean_cuts_values": {
        "mean_cuts_0": 45.2966,
        "mean_cuts_1": 39.5862,
        "mean_cuts_2": 38.5066
    }
}