{
    "mean_cost_values": {
        "mean_cost_0": 0.2952310511954588,
        "mean_cost_1": 0.30084780329094407,
        "mean_cost_2": 0.27942867657085435
    },
    "mean_cuts_values": {
        "mean_cuts_0": 31.158,
        "mean_cuts_1": 29.579,
        "mean_cuts_2": 29.604
    }
}