{
    "mean_cost_values": {
        "mean_cost_0": 0.07325374148875952,
        "mean_cost_1": 0.07936417097093518,
        "mean_cost_2": 0.07586486419504848
    },
    "mean_cuts_values": {
        "mean_cuts_0": 35.034,
        "mean_cuts_1": 33.523,
        "mean_cuts_2": 35.049
    }
}