{
    "mean_cost_values": {
        "mean_cost_0": 0.11029325121868112,
        "mean_cost_1": 0.11739620992226628,
        "mean_cost_2": 0.10292758064878293
    },
    "mean_cuts_values": {
        "mean_cuts_0": 22.134,
        "mean_cuts_1": 21.564,
        "mean_cuts_2": 22.766
    }
}