{
    "mean_cost_values": {
        "mean_cost_0": 0.3450940982359824,
        "mean_cost_1": 0.19679540918819985,
        "mean_cost_2": 0.19182252621340648
    },
    "mean_cuts_values": {
        "mean_cuts_0": 7.906,
        "mean_cuts_1": 9.721,
        "mean_cuts_2": 9.801
    }
}