{
    "mean_cost_values": {
        "mean_cost_0": 0.0858511420604239,
        "mean_cost_1": 0.06611721192454148,
        "mean_cost_2": 0.10228515889556543
    },
    "mean_cuts_values": {
        "mean_cuts_0": 20.232,
        "mean_cuts_1": 21.245,
        "mean_cuts_2": 19.474
    }
}