{
    "mean_cost_values": {
        "mean_cost_0": 0.24433094003917577,
        "mean_cost_1": 0.24407963257586376,
        "mean_cost_2": 0.226299552622612
    },
    "mean_cuts_values": {
        "mean_cuts_0": 50.302,
        "mean_cuts_1": 47.359,
        "mean_cuts_2": 49.6472
    }
}