{
    "mean_cost_values": {
        "mean_cost_0": 0.2767325989267318,
        "mean_cost_1": 0.26514679131861724,
        "mean_cost_2": 0.30362928814137996
    },
    "mean_cuts_values": {
        "mean_cuts_0": 63.642,
        "mean_cuts_1": 69.246,
        "mean_cuts_2": 62.94
    }
}