{
    "mean_cost_values": {
        "mean_cost_0": 0.19568590839301128,
        "mean_cost_1": 0.1868733854088722,
        "mean_cost_2": 0.2030340652530283
    },
    "mean_cuts_values": {
        "mean_cuts_0": 24.67,
        "mean_cuts_1": 25.385,
        "mean_cuts_2": 24.545
    }
}