{
    "mean_cost_values": {
        "mean_cost_0": 0.18551335274638375,
        "mean_cost_1": 0.2187466547871017,
        "mean_cost_2": 0.19016158973221953
    },
    "mean_cuts_values": {
        "mean_cuts_0": 26.104,
        "mean_cuts_1": 23.526,
        "mean_cuts_2": 25.325
    }
}