{
    "mean_cost_values": {
        "mean_cost_0": 0.2389484901342497,
        "mean_cost_1": 0.2321558438984269,
        "mean_cost_2": 0.25010346947267736
    },
    "mean_cuts_values": {
        "mean_cuts_0": 53.564,
        "mean_cuts_1": 54.484,
        "mean_cuts_2": 53.29
    }
}