{
    "mean_cost_values": {
        "mean_cost_0": 0.2571504442548174,
        "mean_cost_1": 0.26719261272309663,
        "mean_cost_2": 0.26089046921422043
    },
    "mean_cuts_values": {
        "mean_cuts_0": 45.89,
        "mean_cuts_1": 45.074,
        "mean_cuts_2": 46.495
    }
}