{
    "mean_cost_values": {
        "mean_cost_0": 0.2780939306289955,
        "mean_cost_1": 0.2901954616289843,
        "mean_cost_2": 0.2997229870605576
    },
    "mean_cuts_values": {
        "mean_cuts_0": 107.3314,
        "mean_cuts_1": 105.5854,
        "mean_cuts_2": 100.4458
    }
}