{
    "mean_cost_values": {
        "mean_cost_0": 0.6975102515737781,
        "mean_cost_1": 0.6805092295546493,
        "mean_cost_2": 0.682271366007205
    },
    "mean_cuts_values": {
        "mean_cuts_0": 3.9411764705882355,
        "mean_cuts_1": 3.975,
        "mean_cuts_2": 3.972
    }
}