{
    "mean_cost_values": {
        "mean_cost_0": 0.25274271839268747,
        "mean_cost_1": 0.2606568723186862,
        "mean_cost_2": 0.24961223440004465
    },
    "mean_cuts_values": {
        "mean_cuts_0": 54.08,
        "mean_cuts_1": 52.329,
        "mean_cuts_2": 52.984
    }
}