{
    "mean_cost_values": {
        "mean_cost_0": 0.19927844841111306,
        "mean_cost_1": 0.25016046047061075,
        "mean_cost_2": 0.18890028588779678
    },
    "mean_cuts_values": {
        "mean_cuts_0": 25.336,
        "mean_cuts_1": 22.202,
        "mean_cuts_2": 25.713
    }
}