{
    "mean_cost_values": {
        "mean_cost_0": 0.2542392709998087,
        "mean_cost_1": 0.27903776266108493,
        "mean_cost_2": 0.2495083899817881
    },
    "mean_cuts_values": {
        "mean_cuts_0": 48.421,
        "mean_cuts_1": 44.654,
        "mean_cuts_2": 48.144
    }
}