{
    "mean_cost_values": {
        "mean_cost_0": 0.27196064126501585,
        "mean_cost_1": 0.2393294261302268,
        "mean_cost_2": 0.25695478258974513
    },
    "mean_cuts_values": {
        "mean_cuts_0": 32.462,
        "mean_cuts_1": 34.846,
        "mean_cuts_2": 33.686
    }
}