{
    "mean_cost_values": {
        "mean_cost_0": 0.2536208988023533,
        "mean_cost_1": 0.24817859450942176,
        "mean_cost_2": 0.26729256912131494
    },
    "mean_cuts_values": {
        "mean_cuts_0": 52.336,
        "mean_cuts_1": 52.878,
        "mean_cuts_2": 52.998
    }
}