{
    "mean_cost_values": {
        "mean_cost_0": 0.22077963738643377,
        "mean_cost_1": 0.2166293225990533,
        "mean_cost_2": 0.22668576226544856
    },
    "mean_cuts_values": {
        "mean_cuts_0": 23.686,
        "mean_cuts_1": 24.065,
        "mean_cuts_2": 23.474
    }
}