{
    "mean_cost_values": {
        "mean_cost_0": 0.08165958655876462,
        "mean_cost_1": 0.079844782100808,
        "mean_cost_2": 0.07863935043494232
    },
    "mean_cuts_values": {
        "mean_cuts_0": 31.12,
        "mean_cuts_1": 31.257,
        "mean_cuts_2": 31.66
    }
}