{
    "mean_cost_values": {
        "mean_cost_0": 0.24607938441363972,
        "mean_cost_1": 0.2634507178218242,
        "mean_cost_2": 0.2253291404042836
    },
    "mean_cuts_values": {
        "mean_cuts_0": 54.121,
        "mean_cuts_1": 50.798,
        "mean_cuts_2": 55.101
    }
}