{
    "mean_cost_values": {
        "mean_cost_0": 0.2048461003410576,
        "mean_cost_1": 0.24311453720436504,
        "mean_cost_2": 0.173525516518558
    },
    "mean_cuts_values": {
        "mean_cuts_0": 23.743,
        "mean_cuts_1": 22.268,
        "mean_cuts_2": 26.467
    }
}