{
    "mean_cost_values": {
        "mean_cost_0": 0.31178835468465466,
        "mean_cost_1": 0.30896963472445443,
        "mean_cost_2": 0.3097948538472504
    },
    "mean_cuts_values": {
        "mean_cuts_0": 40.5696,
        "mean_cuts_1": 40.49641624634988,
        "mean_cuts_2": 40.6684
    }
}