{
    "mean_cost_values": {
        "mean_cost_0": 0.29930234302188313,
        "mean_cost_1": 0.3127230665348538,
        "mean_cost_2": 0.25006486862257665
    },
    "mean_cuts_values": {
        "mean_cuts_0": 57.65,
        "mean_cuts_1": 51.257,
        "mean_cuts_2": 63.981
    }
}