{
    "mean_cost_values": {
        "mean_cost_0": 0.23577616050927497,
        "mean_cost_1": 0.24424168624360648,
        "mean_cost_2": 0.2638907565215656
    },
    "mean_cuts_values": {
        "mean_cuts_0": 34.562,
        "mean_cuts_1": 34.794,
        "mean_cuts_2": 31.847
    }
}