{
    "mean_cost_values": {
        "mean_cost_0": 0.2519340010111532,
        "mean_cost_1": 0.24470717179245435,
        "mean_cost_2": 0.2704537144825258
    },
    "mean_cuts_values": {
        "mean_cuts_0": 90.127,
        "mean_cuts_1": 91.79,
        "mean_cuts_2": 84.582
    }
}