{
    "mean_cost_values": {
        "mean_cost_0": 0.19161026138863874,
        "mean_cost_1": 0.18749101969535248,
        "mean_cost_2": 0.18130720698162264
    },
    "mean_cuts_values": {
        "mean_cuts_0": 9.778,
        "mean_cuts_1": 9.818,
        "mean_cuts_2": 9.885
    }
}