{
    "mean_cost_values": {
        "mean_cost_0": 0.2789307905326992,
        "mean_cost_1": 0.26589779100508304,
        "mean_cost_2": 0.25784538404845464
    },
    "mean_cuts_values": {
        "mean_cuts_0": 86.128,
        "mean_cuts_1": 89.276,
        "mean_cuts_2": 89.054
    }
}