{
    "mean_cost_values": {
        "mean_cost_0": 0.28776647668188615,
        "mean_cost_1": 0.22741524113160672,
        "mean_cost_2": 0.23118797796317328
    },
    "mean_cuts_values": {
        "mean_cuts_0": 30.654,
        "mean_cuts_1": 35.656,
        "mean_cuts_2": 35.788
    }
}