{
    "mean_cost_values": {
        "mean_cost_0": 0.3089403708769948,
        "mean_cost_1": 0.30430170950362745,
        "mean_cost_2": 0.2929504968824907
    },
    "mean_cuts_values": {
        "mean_cuts_0": 80.357,
        "mean_cuts_1": 77.891,
        "mean_cuts_2": 78.529
    }
}