{
    "mean_cost_values": {
        "mean_cost_0": 0.21373473592919512,
        "mean_cost_1": 0.20103822979213196,
        "mean_cost_2": 0.22756859184300798
    },
    "mean_cuts_values": {
        "mean_cuts_0": 23.74,
        "mean_cuts_1": 24.314,
        "mean_cuts_2": 24.487
    }
}