{
    "mean_cost_values": {
        "mean_cost_0": 0.24281275493501053,
        "mean_cost_1": 0.24430568117904153,
        "mean_cost_2": 0.26494121803966225
    },
    "mean_cuts_values": {
        "mean_cuts_0": 51.706,
        "mean_cuts_1": 52.522,
        "mean_cuts_2": 52.173
    }
}