{
    "mean_cost_values": {
        "mean_cost_0": 0.23590062663359865,
        "mean_cost_1": 0.23909842322772737,
        "mean_cost_2": 0.2630736948628036
    },
    "mean_cuts_values": {
        "mean_cuts_0": 22.739,
        "mean_cuts_1": 22.792,
        "mean_cuts_2": 22.578
    }
}