{
    "mean_cost_values": {
        "mean_cost_0": 0.2188394457715,
        "mean_cost_1": 0.22036271299005425,
        "mean_cost_2": 0.2275947431697542
    },
    "mean_cuts_values": {
        "mean_cuts_0": 65.782,
        "mean_cuts_1": 66.943,
        "mean_cuts_2": 65.222
    }
}