{
    "mean_cost_values": {
        "mean_cost_0": 0.3197554468099813,
        "mean_cost_1": 0.29897910701411795,
        "mean_cost_2": 0.2874999500737975
    },
    "mean_cuts_values": {
        "mean_cuts_0": 72.466,
        "mean_cuts_1": 76.863,
        "mean_cuts_2": 82.592
    }
}