{
    "mean_cost_values": {
        "mean_cost_0": 0.2603405384564136,
        "mean_cost_1": 0.26531484818320966,
        "mean_cost_2": 0.2575561131450561
    },
    "mean_cuts_values": {
        "mean_cuts_0": 86.294,
        "mean_cuts_1": 86.539,
        "mean_cuts_2": 87.258
    }
}