{
    "mean_cost_values": {
        "mean_cost_0": 0.2678871695131869,
        "mean_cost_1": 0.3406189255545715,
        "mean_cost_2": 0.26363177354135636
    },
    "mean_cuts_values": {
        "mean_cuts_0": 8.898,
        "mean_cuts_1": 7.948,
        "mean_cuts_2": 8.871
    }
}