{
    "mean_cost_values": {
        "mean_cost_0": 0.35292732929089415,
        "mean_cost_1": 0.3172851607001511,
        "mean_cost_2": 0.33204767042915784
    },
    "mean_cuts_values": {
        "mean_cuts_0": 94.183,
        "mean_cuts_1": 100.738,
        "mean_cuts_2": 97.964
    }
}