{
    "mean_cost_values": {
        "mean_cost_0": 0.26720504574529313,
        "mean_cost_1": 0.23802956440217304,
        "mean_cost_2": 0.26022907213944
    },
    "mean_cuts_values": {
        "mean_cuts_0": 35.042,
        "mean_cuts_1": 34.34,
        "mean_cuts_2": 33.327
    }
}