{
    "mean_cost_values": {
        "mean_cost_0": 0.26450873218257254,
        "mean_cost_1": 0.2829353983190255,
        "mean_cost_2": 0.2681532099960719
    },
    "mean_cuts_values": {
        "mean_cuts_0": 69.702,
        "mean_cuts_1": 65.47,
        "mean_cuts_2": 67.722
    }
}