{
    "mean_cost_values": {
        "mean_cost_0": 0.11083003037236853,
        "mean_cost_1": 0.08119495704077621,
        "mean_cost_2": 0.10344819539205306
    },
    "mean_cuts_values": {
        "mean_cuts_0": 24.558,
        "mean_cuts_1": 28.752,
        "mean_cuts_2": 24.983
    }
}