{
    "mean_cost_values": {
        "mean_cost_0": 0.6795017254657238,
        "mean_cost_1": 0.6760493413277002,
        "mean_cost_2": 0.679066339143229
    },
    "mean_cuts_values": {
        "mean_cuts_0": 3.982,
        "mean_cuts_1": 3.981,
        "mean_cuts_2": 3.98
    }
}