{
    "mean_cost_values": {
        "mean_cost_0": 0.25227674936851546,
        "mean_cost_1": 0.2624386993791973,
        "mean_cost_2": 0.2377700613502424
    },
    "mean_cuts_values": {
        "mean_cuts_0": 53.175,
        "mean_cuts_1": 50.357,
        "mean_cuts_2": 53.976
    }
}