{
    "mean_cost_values": {
        "mean_cost_0": 0.17152808327656544,
        "mean_cost_1": 0.20214540928495334,
        "mean_cost_2": 0.22653205157369444
    },
    "mean_cuts_values": {
        "mean_cuts_0": 26.431,
        "mean_cuts_1": 24.918,
        "mean_cuts_2": 23.453
    }
}