{
    "mean_cost_values": {
        "mean_cost_0": 0.2201277860168303,
        "mean_cost_1": 0.18931160646954134,
        "mean_cost_2": 0.18931751486086326
    },
    "mean_cuts_values": {
        "mean_cuts_0": 23.839021443672607,
        "mean_cuts_1": 24.881165452653487,
        "mean_cuts_2": 25.805
    }
}