{
    "mean_cost_values": {
        "mean_cost_0": 0.29622598058314975,
        "mean_cost_1": 0.2813781539969292,
        "mean_cost_2": 0.30502198631917177
    },
    "mean_cuts_values": {
        "mean_cuts_0": 41.5164,
        "mean_cuts_1": 41.6176,
        "mean_cuts_2": 38.424
    }
}