{
    "mean_cost_values": {
        "mean_cost_0": 0.10908604422943155,
        "mean_cost_1": 0.12388374374121774,
        "mean_cost_2": 0.11527557068505119
    },
    "mean_cuts_values": {
        "mean_cuts_0": 15.323,
        "mean_cuts_1": 14.874,
        "mean_cuts_2": 15.121
    }
}