{
    "mean_cost_values": {
        "mean_cost_0": 0.2711876640733942,
        "mean_cost_1": 0.26113854402523984,
        "mean_cost_2": 0.2675263830250744
    },
    "mean_cuts_values": {
        "mean_cuts_0": 42.2762,
        "mean_cuts_1": 43.327,
        "mean_cuts_2": 42.2022
    }
}