{
    "mean_cost_values": {
        "mean_cost_0": 0.059610480662339545,
        "mean_cost_1": 0.057025506277387464,
        "mean_cost_2": 0.07183232897457648
    },
    "mean_cuts_values": {
        "mean_cuts_0": 38.21,
        "mean_cuts_1": 38.158,
        "mean_cuts_2": 35.206
    }
}