{
    "mean_cost_values": {
        "mean_cost_0": 0.26227471056167395,
        "mean_cost_1": 0.2654930105614468,
        "mean_cost_2": 0.26581666703023404
    },
    "mean_cuts_values": {
        "mean_cuts_0": 87.885,
        "mean_cuts_1": 88.177,
        "mean_cuts_2": 87.739
    }
}