{
    "mean_cost_values": {
        "mean_cost_0": 0.24433033489063918,
        "mean_cost_1": 0.23384285691349704,
        "mean_cost_2": 0.22495136770589363
    },
    "mean_cuts_values": {
        "mean_cuts_0": 62.021,
        "mean_cuts_1": 65.471,
        "mean_cuts_2": 66.313
    }
}