{
    "mean_cost_values": {
        "mean_cost_0": 0.298409013578904,
        "mean_cost_1": 0.2814679463651877,
        "mean_cost_2": 0.2676923288258434
    },
    "mean_cuts_values": {
        "mean_cuts_0": 79.369,
        "mean_cuts_1": 85.909,
        "mean_cuts_2": 88.637
    }
}