{
    "mean_cost_values": {
        "mean_cost_0": 0.28338394316848387,
        "mean_cost_1": 0.2758354756011986,
        "mean_cost_2": 0.302135048216204
    },
    "mean_cuts_values": {
        "mean_cuts_0": 79.35,
        "mean_cuts_1": 84.959,
        "mean_cuts_2": 83.521
    }
}