{
    "mean_cost_values": {
        "mean_cost_0": 0.2096954062720356,
        "mean_cost_1": 0.22612420907229772,
        "mean_cost_2": 0.23646035880305716
    },
    "mean_cuts_values": {
        "mean_cuts_0": 51.6922,
        "mean_cuts_1": 49.453,
        "mean_cuts_2": 48.405
    }
}