{
    "mean_cost_values": {
        "mean_cost_0": 0.3311225788505396,
        "mean_cost_1": 0.3287275510869901,
        "mean_cost_2": 0.32684052867955804
    },
    "mean_cuts_values": {
        "mean_cuts_0": 95.534,
        "mean_cuts_1": 95.404,
        "mean_cuts_2": 96.333
    }
}