{
    "mean_cost_values": {
        "mean_cost_0": 0.10284344371339392,
        "mean_cost_1": 0.10401831214990119,
        "mean_cost_2": 0.09605395534671063
    },
    "mean_cuts_values": {
        "mean_cuts_0": 24.916,
        "mean_cuts_1": 25.438,
        "mean_cuts_2": 26.587
    }
}