{
    "mean_cost_values": {
        "mean_cost_0": 0.19185316239147165,
        "mean_cost_1": 0.21402586475944482,
        "mean_cost_2": 0.1677475594959348
    },
    "mean_cuts_values": {
        "mean_cuts_0": 24.848794906775808,
        "mean_cuts_1": 23.8824,
        "mean_cuts_2": 25.6854
    }
}