{
    "mean_cost_values": {
        "mean_cost_0": 0.25801242468487684,
        "mean_cost_1": 0.24473616757074235,
        "mean_cost_2": 0.21368172527649903
    },
    "mean_cuts_values": {
        "mean_cuts_0": 32.269,
        "mean_cuts_1": 34.288,
        "mean_cuts_2": 35.784
    }
}