{
    "mean_cost_values": {
        "mean_cost_0": 0.18435503910183462,
        "mean_cost_1": 0.16969057934238008,
        "mean_cost_2": 0.21088499735867483
    },
    "mean_cuts_values": {
        "mean_cuts_0": 25.79,
        "mean_cuts_1": 26.188,
        "mean_cuts_2": 24.046
    }
}