{
    "mean_cost_values": {
        "mean_cost_0": 0.24556276534902247,
        "mean_cost_1": 0.26474556459620235,
        "mean_cost_2": 0.23173363447348777
    },
    "mean_cuts_values": {
        "mean_cuts_0": 55.107,
        "mean_cuts_1": 51.462,
        "mean_cuts_2": 54.83
    }
}