{
    "mean_cost_values": {
        "mean_cost_0": 0.339624129024457,
        "mean_cost_1": 0.17771228078879853,
        "mean_cost_2": 0.1716847905175701
    },
    "mean_cuts_values": {
        "mean_cuts_0": 7.957,
        "mean_cuts_1": 9.907,
        "mean_cuts_2": 9.955
    }
}