{
    "mean_cost_values": {
        "mean_cost_0": 0.6751575308942538,
        "mean_cost_1": 0.6759585454324513,
        "mean_cost_2": 0.6789301149327547
    },
    "mean_cuts_values": {
        "mean_cuts_0": 3.991,
        "mean_cuts_1": 3.984,
        "mean_cuts_2": 3.979
    }
}