{
    "mean_cost_values": {
        "mean_cost_0": 1.092096411223304,
        "mean_cost_1": 1.1108920624542045,
        "mean_cost_2": 1.092336952236492
    },
    "mean_cuts_values": {
        "mean_cuts_0": 244.54548798430602,
        "mean_cuts_1": 242.6767,
        "mean_cuts_2": 245.35257704212086
    }
}