{
    "mean_cost_values": {
        "mean_cost_0": 0.6876491346614722,
        "mean_cost_1": 0.6794648886354995,
        "mean_cost_2": 0.6825195833772204
    },
    "mean_cuts_values": {
        "mean_cuts_0": 3.95,
        "mean_cuts_1": 3.977,
        "mean_cuts_2": 3.973
    }
}