{
    "mean_cost_values": {
        "mean_cost_0": 0.07185710691211628,
        "mean_cost_1": 0.06563794625309223,
        "mean_cost_2": 0.06853093408827161
    },
    "mean_cuts_values": {
        "mean_cuts_0": 36.018,
        "mean_cuts_1": 37.086,
        "mean_cuts_2": 37.034
    }
}