{
    "mean_cost_values": {
        "mean_cost_0": 0.2448650852348654,
        "mean_cost_1": 0.23931176970889037,
        "mean_cost_2": 0.2322768165771321
    },
    "mean_cuts_values": {
        "mean_cuts_0": 33.685,
        "mean_cuts_1": 33.748,
        "mean_cuts_2": 33.723
    }
}