{
    "mean_cost_values": {
        "mean_cost_0": 0.25297298899154225,
        "mean_cost_1": 0.288452773877711,
        "mean_cost_2": 0.2647332185658962
    },
    "mean_cuts_values": {
        "mean_cuts_0": 89.478,
        "mean_cuts_1": 81.075,
        "mean_cuts_2": 87.604
    }
}