{
    "mean_cost_values": {
        "mean_cost_0": 0.6738443947696937,
        "mean_cost_1": 0.6756660007882697,
        "mean_cost_2": 0.6735830452668581
    },
    "mean_cuts_values": {
        "mean_cuts_0": 3.985,
        "mean_cuts_1": 3.985,
        "mean_cuts_2": 3.981
    }
}