{
    "mean_cost_values": {
        "mean_cost_0": 0.09141647836117216,
        "mean_cost_1": 0.15063490512000327,
        "mean_cost_2": 0.11524952554438118
    },
    "mean_cuts_values": {
        "mean_cuts_0": 20.335,
        "mean_cuts_1": 17.244,
        "mean_cuts_2": 19.005
    }
}