{
    "mean_cost_values": {
        "mean_cost_0": 0.2442520315022471,
        "mean_cost_1": 0.2183550530151211,
        "mean_cost_2": 0.28119340024995304
    },
    "mean_cuts_values": {
        "mean_cuts_0": 33.755,
        "mean_cuts_1": 36.426,
        "mean_cuts_2": 30.698
    }
}