{
    "mean_cost_values": {
        "mean_cost_0": 0.29342053340373214,
        "mean_cost_1": 0.3039620804605657,
        "mean_cost_2": 0.3404981981520525
    },
    "mean_cuts_values": {
        "mean_cuts_0": 42.184,
        "mean_cuts_1": 41.741,
        "mean_cuts_2": 37.959
    }
}