{
    "mean_cost_values": {
        "mean_cost_0": 0.2587900673409006,
        "mean_cost_1": 0.25409925230863883,
        "mean_cost_2": 0.2512806376986639
    },
    "mean_cuts_values": {
        "mean_cuts_0": 32.293,
        "mean_cuts_1": 34.036,
        "mean_cuts_2": 33.386
    }
}