{
    "mean_cost_values": {
        "mean_cost_0": 0.6694551175279692,
        "mean_cost_1": 0.673123041284084,
        "mean_cost_2": 0.6720968163081771
    },
    "mean_cuts_values": {
        "mean_cuts_0": 3.996,
        "mean_cuts_1": 3.99,
        "mean_cuts_2": 3.992
    }
}