{
    "mean_cost_values": {
        "mean_cost_0": 0.6852953262588621,
        "mean_cost_1": 0.6852683487846617,
        "mean_cost_2": 0.683589619199349
    },
    "mean_cuts_values": {
        "mean_cuts_0": 3.9679802955665027,
        "mean_cuts_1": 3.964,
        "mean_cuts_2": 3.968
    }
}