{
    "mean_cost_values": {
        "mean_cost_0": 0.1366422014811345,
        "mean_cost_1": 0.09533073982701178,
        "mean_cost_2": 0.09512253860166814
    },
    "mean_cuts_values": {
        "mean_cuts_0": 20.061,
        "mean_cuts_1": 23.702,
        "mean_cuts_2": 23.841
    }
}