{
    "mean_cost_values": {
        "mean_cost_0": 0.10217294059324418,
        "mean_cost_1": 0.13566984181931746,
        "mean_cost_2": 0.16585331390272703
    },
    "mean_cuts_values": {
        "mean_cuts_0": 15.437,
        "mean_cuts_1": 14.43,
        "mean_cuts_2": 13.634
    }
}