{
    "mean_cost_values": {
        "mean_cost_0": 0.3130025956391513,
        "mean_cost_1": 0.249046822674604,
        "mean_cost_2": 0.25450368140053464
    },
    "mean_cuts_values": {
        "mean_cuts_0": 47.962,
        "mean_cuts_1": 55.729,
        "mean_cuts_2": 52.745
    }
}