{
    "mean_cost_values": {
        "mean_cost_0": 0.21460313205212533,
        "mean_cost_1": 0.2308909366263908,
        "mean_cost_2": 0.22998169854270736
    },
    "mean_cuts_values": {
        "mean_cuts_0": 51.1566,
        "mean_cuts_1": 49.242,
        "mean_cuts_2": 49.4548
    }
}