{
    "mean_cost_values": {
        "mean_cost_0": 0.24755757366996703,
        "mean_cost_1": 0.24989798469321045,
        "mean_cost_2": 0.1968276400185982
    },
    "mean_cuts_values": {
        "mean_cuts_0": 62.956,
        "mean_cuts_1": 60.917,
        "mean_cuts_2": 70.29
    }
}