{
    "mean_cost_values": {
        "mean_cost_0": 0.21260537841922644,
        "mean_cost_1": 0.22921971390867232,
        "mean_cost_2": 0.24163935942534465
    },
    "mean_cuts_values": {
        "mean_cuts_0": 68.512,
        "mean_cuts_1": 65.661,
        "mean_cuts_2": 63.387
    }
}