{
    "mean_cost_values": {
        "mean_cost_0": 0.07949500531933212,
        "mean_cost_1": 0.07924663682865782,
        "mean_cost_2": 0.07298571912569653
    },
    "mean_cuts_values": {
        "mean_cuts_0": 34.44,
        "mean_cuts_1": 34.574,
        "mean_cuts_2": 36.308
    }
}