{
    "mean_cost_values": {
        "mean_cost_0": 0.2546720021922087,
        "mean_cost_1": 0.23464697713371208,
        "mean_cost_2": 0.2524822151280281
    },
    "mean_cuts_values": {
        "mean_cuts_0": 32.976,
        "mean_cuts_1": 35.239,
        "mean_cuts_2": 33.09
    }
}