{
    "mean_cost_values": {
        "mean_cost_0": 1.6813378095463267,
        "mean_cost_1": 2.038336990219257,
        "mean_cost_2": 1.8329104681091892
    },
    "mean_cuts_values": {
        "mean_cuts_0": 7.665,
        "mean_cuts_1": 8.251,
        "mean_cuts_2": 7.841
    }
}