{
    "mean_cost_values": {
        "mean_cost_0": 0.2030470943837222,
        "mean_cost_1": 0.16524061564509304,
        "mean_cost_2": 0.22626409128995267
    },
    "mean_cuts_values": {
        "mean_cuts_0": 23.82,
        "mean_cuts_1": 26.736,
        "mean_cuts_2": 22.785
    }
}