{
    "mean_cost_values": {
        "mean_cost_0": 0.23523516625205174,
        "mean_cost_1": 0.231784832356803,
        "mean_cost_2": 0.2609193570989877
    },
    "mean_cuts_values": {
        "mean_cuts_0": 74.1678,
        "mean_cuts_1": 73.9274,
        "mean_cuts_2": 69.3194
    }
}