{
    "mean_cost_values": {
        "mean_cost_0": 0.08219864989556831,
        "mean_cost_1": 0.07718028276937415,
        "mean_cost_2": 0.08344187347128272
    },
    "mean_cuts_values": {
        "mean_cuts_0": 27.966,
        "mean_cuts_1": 28.826,
        "mean_cuts_2": 27.604
    }
}