{
    "mean_cost_values": {
        "mean_cost_0": 0.1721178931996135,
        "mean_cost_1": 0.17246196738054317,
        "mean_cost_2": 0.107734591171431
    },
    "mean_cuts_values": {
        "mean_cuts_0": 13.475,
        "mean_cuts_1": 13.516,
        "mean_cuts_2": 15.198
    }
}