{
    "mean_cost_values": {
        "mean_cost_0": 0.6874229676906441,
        "mean_cost_1": 0.6836837164043792,
        "mean_cost_2": 0.6846590305959421
    },
    "mean_cuts_values": {
        "mean_cuts_0": 3.961,
        "mean_cuts_1": 3.963,
        "mean_cuts_2": 3.963302752293578
    }
}