{
    "mean_cost_values": {
        "mean_cost_0": 0.26352885716284596,
        "mean_cost_1": 0.26463400378810525,
        "mean_cost_2": 0.27083978468642933
    },
    "mean_cuts_values": {
        "mean_cuts_0": 88.461,
        "mean_cuts_1": 87.212,
        "mean_cuts_2": 86.019
    }
}